Wall time,Step,Value
1618407917.4429224,1000,0.14298899471759796
1618411807.8423908,2000,0.15587282180786133
1618486924.3876095,3000,0.1614343523979187
