Wall time,Step,Value
1618407978.9191918,1000,0.13453102111816406
1618429503.7992635,2000,0.15256927907466888
1618486990.9035676,3000,0.1664237231016159
