Wall time,Step,Value
1618407451.5835717,1000,0.09974665939807892
1618429297.405711,2000,0.13098828494548798
1618486903.509204,3000,0.1553492397069931
