Wall time,Step,Value
1618407745.152811,1000,0.1183486357331276
1618429402.1795378,2000,0.14598262310028076
1618487023.4289951,3000,0.1566152572631836
