Wall time,Step,Value
1618407652.2088637,1000,0.13374246656894684
1618429377.7046485,2000,0.15534552931785583
1618486746.1186237,3000,0.16951952874660492
