Wall time,Step,Value
1618407949.2806983,1000,0.1277654469013214
1618429466.6812084,2000,0.1408025175333023
1618486771.6299448,3000,0.1548687070608139
