Wall time,Step,Value
1618407579.6717365,1000,0.1324278712272644
1618429331.7171898,2000,0.1571778953075409
1618486969.8388357,3000,0.1757485717535019
