Wall time,Step,Value
1618407890.1498878,1000,0.1348152756690979
1618429429.6045587,2000,0.14305710792541504
1618486948.8967216,3000,0.15847893059253693
